ali,5.0
hamid,6.066666666666666
mandana,7.5
elmira,7.833333333333333
soheila,7.833333333333333
sara,9.75
ahmad,11.285714285714286
sina,11.285714285714286
sarvin,11.375
